id,lastname
1,赵
2,钱
3,孙
4,李
5,周
6,吴
7,郑
8,王
9,冯
10,陈
11,褚
12,卫
13,蒋
14,沈
15,韩
16,杨
17,朱
18,秦
19,尤
20,许
21,何
22,吕
23,施
24,张
25,孔
26,曹
27,严
28,华
29,金
30,魏
31,陶
32,姜
33,戚
34,谢
35,邹
36,喻
37,柏
38,水
39,窦
40,章
41,云
42,苏
43,潘
44,葛
45,奚
46,范
47,彭
48,郎
49,鲁
50,韦
51,昌
52,马
53,苗
54,凤
55,花
56,方
57,俞
58,任
59,袁
60,柳
61,酆
62,鲍
63,史
64,唐
65,费
66,廉
67,岑
68,薛
69,雷
70,贺
71,倪
72,汤
73,滕
74,殷
75,罗
76,毕
77,郝
78,邬
79,安
80,常
81,乐
82,于
83,时
84,傅
85,皮
86,卞
87,齐
88,康
89,伍
90,余
91,元
92,卜
93,顾
94,孟
95,平
96,黄
97,和
98,穆
99,萧
100,尹
101,姚
102,邵
103,堪
104,汪
105,祁
106,毛
107,禹
108,狄
109,米
110,贝
111,明
112,臧
113,计
114,伏
115,成
116,戴
117,谈
118,宋
119,茅
120,庞
121,熊
122,纪
123,舒
124,屈
125,项
126,祝
127,董
128,粱
129,杜
130,阮
131,蓝
132,闵
133,席
134,季
135,麻
136,强
137,贾
138,路
139,娄
140,危
141,江
142,童
143,颜
144,郭
145,梅
146,盛
147,林
148,刁
149,钟
150,徐
151,邱
152,骆
153,高
154,夏
155,蔡
156,田
157,樊
158,胡
159,凌
160,霍
161,虞
162,万
163,支
164,柯
165,昝
166,管
167,卢
168,莫
169,经
170,房
171,裘
172,缪
173,干
174,解
175,应
176,宗
177,丁
178,宣
179,贲
180,邓
181,郁
182,单
183,杭
184,洪
185,包
186,诸
187,左
188,石
189,崔
190,陆
191,荣
192,翁
193,荀
194,羊
195,弓
196,牧
197,山
198,刘
199,詹
200,白
201,司马
202,上官
203,欧阳
204,夏侯
205,诸葛
206,东方
207,皇甫
208,尉迟
209,公羊
210,公冶
211,公孙
212,仲孙
213,轩辕
214,令狐
215,钟离
216,宇文
217,长孙
218,慕容
219,司徒
221,端木
222,百里
223,东郭
224,南门
225,呼延
226,左丘
227,东门
228,西门
229,眉清目秀的
230,鹤发童颜的
231,相貌堂堂的
232,文质彬彬的
233,风度翩翩的
234,羞花闭月的
235,倾国倾城的
236,雍容华贵的
237,如花似玉的
238,威风凛凛的
239,弱不禁风的
240,骨瘦如柴的
241,憨态可掬的
242,其貌不扬的
243,蓬头垢面的
244,虎背熊腰的
245,大腹便便的
246,面黄肌瘦的
247,文质彬彬的
248,老态龙钟的
249,身材魁梧的
250,亭亭玉立的
251,婀娜多姿的
252,无精打采的
253,容光焕发的
254,愁眉苦脸的
255,垂头丧气的
256,神采奕奕的
257,喜笑颜开的
258,人艰不拆的
259,北京
260,天津
261,上海
262,重庆
263,河北
264,河南
265,云南
266,辽宁
267,黑龙江
268,湖南
269,安徽
270,山东
271,新疆
272,江苏
273,浙江
274,江西
275,湖北
276,广西
277,甘肃
278,山西
279,内蒙
280,陕西
281,吉林
282,福建
283,贵州
284,广东
285,青海
286,西藏
287,四川
288,宁夏
289,海南
290,台湾
291,香港
292,澳门
293,夏朝
294,商朝
295,西周
296,东周
297,春秋
298,战国
299,秦朝
300,汉朝
301,西汉
302,东汉
303,三国
304,魏朝
305,蜀朝
306,吴朝
307,晋朝
308,西晋
309,东晋
310,南朝
311,宋朝
312,齐朝
313,梁朝
314,陈朝
315,北朝
316,北魏
317,东魏
318,西魏
319,北齐
320,北周
321,隋朝
322,唐朝
323,五代
324,后梁
325,后唐
326,后晋
327,后汉
328,后周
329,十国
330,前蜀
331,后蜀
332,吴朝
333,南唐
334,吴越
335,闽朝
336,楚朝
337,南汉
338,南平
339,荆南
340,北汉
341,宋朝
342,北宋
343,南宋
344,卤味套餐
345,西红柿炒柚
346,糖醋牛魔王
347,西湖钓鱼
348,湘湖一霸
349,清晰小王子
350,平底锅
351,摊上事的
352,一表人渣的
353,卖萌的
354,走心的
355,喜大普奔的
356,累觉不爱的
357,放弃治疗的
358,人艰不拆的
359,长发及腰的
360,不明觉厉的
361,十动然拒的
362,高大上的
363,点赞的
364,不作不死的
365,面无人色的
366,心花怒放的
367,蒙头转向的
368,满面春风的
369,满目疮痍的
370,铁面无私的
371,令人发指的
372,出人头地的
373,魂不附体的
374,食不果腹的
375,面黄肌瘦的
376,口干舌燥的
377,劈头盖脸的
378,提心吊胆的
379,评头论足的
380,肺腑之言的
381,心口如一的
382,足不出户的
383,手无寸铁的
384,心事重重的
385,满腔热忱的
386,信手拈
387,另眼相看的
388,喜笑颜开的
389,失之交臂的
390,汗流浃背的
391,心惊肉跳的
392,面红耳赤的
393,拳打脚踢的
394,鹤发童颜的
395,抓耳挠腮的
396,浓眉大眼的
397,血肉相连的
398,毛骨悚然的
399,手足无措的
400,掩人耳目的
401,铁石心肠的
402,病入膏肓的
403,沁人肺腑的
404,血流成河的
405,口若悬河的
406,面不改色的
407,眉飞色舞的
408,两手空空的
409,信口开河的
410,垂头丧气的
411,心灵手巧的
412,点头哈腰的
413,肥头大耳的
414,心心相印的
415,唇齿相依的
416,骨肉相连的
418,趾高气扬的
419,筋疲力尽的
420,目不暇接的
421,破口大骂的
422,闭目塞听的
423,扬眉吐气的
424,怒发冲冠的
425,切齿痛恨的
426,掩耳盗铃的
427,病从口入的
428,扣人心弦的
429,浪子回头的
430,成竹在胸的
431,不堪回首的
432,眼明手快的
433,胆战心惊的
434,摩拳擦掌的
435,慈眉善目的
436,没头没脑的
437,肝肠寸断的
438,耳目众多的
439,肝胆相照的
440,恨入骨髓的
441,感人肺腑的
442,了如指掌的
443,眼花缭乱的
444,骨瘦如柴的
445,脚踏实地的
446,惊心动魄的
447,俯首听命的
448,接踵而
449,挺身而出的
450,唾手可得的
451,咬紧牙关的
452,专心致志的
453,良药苦口的
454,掉以轻心的
455,恨之入骨的
456,耳聪目明的
457,唇亡齿寒的
458,头重脚轻的
459,粉身碎骨的
460,蓬头垢面的
461,五脏六腑的
462,咬牙切齿的
463,血口喷人的
464,腹背受敌的
465,肝脑涂地的
466,沁人心脾的
467,近在眉睫的
468,情同手足的
469,眼高手低的
470,目瞪口呆的
471,胸无点墨的
472,头重脚轻的
473,手足情深的
474,口是心非的
475,眼疾手快的
476,耳闻目睹的
477,头破血流的
478,眉清目秀的
479,口出不逊的
480,七嘴八舌的
481,目不转睛的
482,呆若木鸡的
483,眉开眼笑的
484,愁眉苦脸的
485,愁眉紧锁的
486,目瞪口呆的
487,垂头丧气的
488,嬉皮笑脸的
489,一身正气的
490,临危不惧的
491,光明磊落的
492,堂堂正正的
493,大智大勇的
494,力挽狂澜的
495,仰不愧天的
496,镇定自若的
497,化险为夷的
498,肝胆相照的
499,情同手足的
500,英俊潇洒的
501,风流倜傥的
502,吊丝一个的
503,气质非凡的
504,上过刀山的
505,下过火海的
506,老来得子的
507,不要不要的
508,平步青云的
509,弃暗投明的
510,弃旧图新的
511,青云直上的
512,不男不女的
513,痛改前非的
514,突飞猛进的
515,脱胎换骨的
516,再接再厉的
517,神采奕奕的
518,眉飞色舞的
519,昂首挺胸的
520,惊慌失措的
521,漫不经心的
522,垂头丧气的
523,没精打采的
524,愁眉苦脸的
525,大惊失色的
526,娇羞欲滴的
527,北京
528,天津
529,上海
530,重庆
531,河北
532,河南
533,云南
534,辽宁
535,黑龙江
536,湖南
537,安徽
538,山东
539,新疆
540,江苏
541,浙江
542,江西
543,湖北
544,广西
545,甘肃
546,山西
547,内蒙
548,陕西
549,吉林
550,福建
551,贵州
552,广东
553,青海
554,西藏
555,四川
556,宁夏
557,海南
558,台湾
559,香港
560,澳门
561,铜锣湾
562,宇宙无敌
563,扛把子
