id,name,sex,whole
1,雅志,1,
2,峻熙,1,
3,俊材,1,
4,康适,1,
5,正业,1,
6,温书,1,
7,德明,1,
8,阳成,1,
9,修洁,1,
10,振国,1,
11,俊楠,1,
12,高峯,1,
13,博艺,1,
14,锐志,1,
15,展鹏,1,
16,天翰,1,
17,兴怀,1,
18,俊明,1,
19,德宇,1,
20,承业,1,
21,易巧,1,
22,乐丹,1,
23,元柳,1,
24,沛山,1,
25,梓童,1,
26,欣欣,1,
27,思义,1,
28,秋玉,1,
29,语心,1,
30,觅松,1,
31,凝蝶,1,
32,忻慕,1,
33,思美,1,
34,飞翔,1,
35,明辉,1,
36,烨华,1,
37,鹏云,1,
38,立轩,1,
39,阳秋,1,
40,博雅,1,
41,鸿达,1,
42,睿慈,1,
43,元恺,1,
44,同光,1,
45,学真,1,
46,鹏煊,1,
47,嘉歆,1,
48,飞舟,1,
49,承安,1,
50,文敏,1,
51,天逸,1,
52,元德,1,
53,承泽,1,
54,昂雄,1,
55,华容,1,
56,星汉,1,
57,子轩,1,
58,兴贤,1,
59,弘阔,1,
60,弘方,1,
61,涵育,1,
62,高雅,1,
63,雅达,1,
64,伟祺,1,
65,鹏鹍,1,
66,英哲,1,
67,瓷工,1,
68,刷工,1,
69,蕴藉,1,
70,兴为,1,
71,旭尧,1,
72,兴旺,1,
73,蕴和,1,
74,承颜,1,
75,向阳,1,
76,鸿光,1,
77,和风,1,
78,寄风,1,
79,华翰,1,
80,志业,1,
81,俊发,1,
82,乐家,1,
83,乐邦,1,
84,欣悦,1,
85,宇寰,1,
86,曾琪,1,
87,嘉容,1,
88,承悦,1,
89,嘉致,1,
90,高兴,1,
91,高韵,1,
92,泰清,1,
93,永嘉,1,
94,英达,1,
95,咏志,1,
96,弘致,1,
97,英毅,1,
98,成龙,1,
99,康时,1,
100,意致,1,
101,英光,1,
102,鸿波,1,
103,阳泽,1,
104,和颂,1,
105,俊拔,1,
106,安翔,1,
107,正祥,1,
108,安易,1,
109,阳德,1,
110,首富,1,
111,伟人,1,
112,叫兽,1,
113,大锤,1,
114,思聪,1,
115,文蔚,1,
116,嘉欣,1,
117,丽淇,1,
118,依林,1,
119,静茹,1,
120,若英,1,
121,慧敏,1,
122,千桦,1,
123,佳君,1,
124,雯惠,1,
125,静雯,1,
126,丽丽,1,
127,秀雯,1,
128,雅丽,1,
129,嘉丽,1,
130,文诗,1,
131,少芬,1,
132,韶涵,1,
133,湘婷,1,
134,慧仪,1,
135,韵蕊,1,
136,颖研,1,
137,婉华,1,
138,艳芳,1,
139,咏仪,1,
140,晓彤,1,
141,能静,1,
142,含韵,1,
143,美玲,1,
144,熙媛,1,
145,君婷,1,
146,曼伶,1,
147,智贤,1,
148,文媛,1,
149,宝仪,1,
150,芷菁,1,
151,嘉玲,1,
152,海媚,1,
153,子淇,1,
154,柏芝,1,
155,念慈,1,
156,碧仪,1,
157,美云,1,
158,心媚,1,
159,卓研,1,
160,青霞,1,
161,采妮,1,
162,诗曼,1,
163,思欣,1,
164,燕姿,1,
165,碧儿,1,
166,雪仪,1,
167,采儿,1,
168,芷妮,1,
169,宇春,1,
170,妙芝,1,
171,凯芹,1,
172,丽缇,1,
173,韵诗,1,
174,德娴,1,
175,亚轩,1,
176,敏婷,1,
177,心凌,1,
178,蕊妮,1,
179,嘉妮,1,
180,小灵,1,
181,亦菲,1,
182,静蕾,1,
183,王晶,1,
184,小美,1,
185,紫棋,1,
186,靓颖,1,
187,韩红,1,
188,丽君,1,
189,高丽,1,
190,丁当,1,
191,忆莲,1,
192,那英,1,
193,婉婷,1,
194,慧娴,1,
195,佳慧,1,
196,茹芸,1,
197,王蓉,1,
198,晓琪,1,
199,可唯,1,
200,金莎,1,
201,弦子,1,
202,丞琳,1,
203,郭静,1,
204,本兮,1,
205,祖儿,1,
206,千嬅,1,
207,秀文,1,
208,庭苇,1,
209,晶莹,1,
210,赵薇,1,
211,美静,1,
212,咏琪,1,
213,温岚,1,
214,馥甄,1,
215,蔡琴,1,
216,杨幂,1,
217,慧琳,1,
218,阿敏,1,
219,小琥,1,
220,祖英,1,
221,田震,1,
222,孙俪,1,
223,笔畅,1,
224,若琳,1,
225,晓晓,1,
226,怀钰,1,
227,淳佳,1,
228,戚薇,1,
229,美琪,1,
230,何洁,1,
231,莫愁,1,
232,慧欣,1,
233,艺丹,1,
234,轶可,1,
235,雯婕,1,
236,李玟,1,
237,若瑄,1,
238,唐嫣,1,
239,曦妤,1,
240,虞姬,1,
241,采洁,1,
242,谷一,1,
243,妍希,1,
244,韩雪,1,
245,刘涛,1,
246,心如,1,
247,文萱,1,
248,韦唯,1,
249,周迅,1,
250,诗龄,1,
251,依晨,1,
252,诗诗,1,
253,卓妍,1,
254,奕欢,1,
255,美美,1,
256,语晨,1,
257,一茜,1,
258,琳娜,1,
259,白雪,1,
260,谢娜,1,
261,崎骏,1,
262,西施,1,
263,纶镁,1,
264,如花,1,
265,舒淇,1,
266,紫微,1,
267,云瑶,1,
268,秋白,1,
269,君浩,1,
270,半山,1,
271,轩轩,1,
272,濯彤,1,
273,平文,1,
274,听白,1,
275,孤风,1,
276,剑通,1,
277,尔蓝,1,
278,若风,1,
279,于诚,1,
280,寻菡,1,
281,秋寒,1,
282,剑愁,1,
283,大姨,1,
284,剑心,1,
285,冥幽,1,
286,天抒,1,
287,剑妹,1,
288,士萧,1,
289,一斩,1,
290,一刀,1,
291,一笑,1,
292,闺蜜,1,
293,波渺,1,
294,柳依,1,
295,未归,1,
296,英落,1,
297,半掩,1,
298,雨霁,1,
299,轻尘,1,
300,黯然,1,
301,莫辞,1,
302,佳人,1,
303,朱颜,1,
304,亭暮,1,
305,冷落,1,
306,莫同,1,
307,黯魂,1,
308,旅思,1,
309,寒声,1,
310,东窗,1,
311,凝月,1,
312,荼蘼,1,
313,月迟,1,
314,梦魂,1,
315,浅欢,1,
316,断秋,1,
317,君山,1,
318,鱼沉,1,
319,秋韵,1,
320,暮雨,1,
321,素娥,1,
322,蝉娟,1,
323,初熏,1,
324,远水,1,
325,乍雨,1,
326,乍晴,1,
327,轻暖,1,
328,栊静,1,
329,朱扉,1,
330,更漏,1,
331,秦筝,1,
332,醉颜,1,
333,离恨,1,
334,水茫,1,
335,花笺,1,
336,泪行,1,
337,初回,1,
338,尘绝,1,
339,苍波,1,
340,未雨,1,
341,春休,1,
342,暗度,1,
343,兰木,1,
344,雨萧,1,
345,岸草,1,
346,霜凋,1,
347,雾隐,1,
348,诚堞,1,
349,漠漠,1,
350,暗尘,1,
351,弦索,1,
352,杜若,1,
353,岸曲,1,
354,伊落,1,
355,渐暝,1,
356,雁影,1,
357,淡墨,1,
358,溶月,1,
359,寂春,1,
360,汀回,1,
361,凄风,1,
362,夜阑,1,
363,尘陌,1,
364,半鬼,1,
365,鬼怒,1,
366,星河,1,
367,珑月,1,
368,疏淡,1,
369,疏影,1,
370,似梦,1,
371,千崖,1,
372,秋色,1,
373,夜泊,1,
374,寒林,1,
375,烟渚,1,
376,风月,1,
377,孤鸿,1,
378,惊觉,1,
379,余花,1,
380,轻颦,1,
381,双黛,1,
382,沉檀,1,
383,黯度,1,
384,梦长,1,
385,霏微,1,
386,栖梧,1,
387,思之,1,
388,若狂,1,
389,东池,1,
390,初见,1,
391,声迟,1,
392,棹影,1,
393,烟熏,1,
394,灼傷,1,
395,雅梦,1,
396,逝殇,1,
397,迷離,1,
398,洛桑,1,
399,迷迭,1,
400,音碎,1,
401,怅兮,1,
402,静姝,1,
403,莫若,1,
404,筱嬡,1,
405,浅唱,1,
406,花开,1,
407,随遇,1,
408,迩心,1,
409,风生,1,
410,心海,1,
411,微步,1,
412,诗音,1,
413,小墨,1,
414,清弦,1,
415,夜半,1,
416,失忆,1,
417,旧忆,1,
418,未央,1,
419,旧时,1,
420,陌路,1,
421,微凉,1,
422,若梦,1,
423,安陌,1,
424,卟悟,1,
425,未醒,1,
426,雅兮,1,
427,浅苒,1,
428,云端,1,
429,記憶,1,
430,薇儿,1,
431,小朵,1,
432,布丁,1,
433,萘何,1,
434,小乖,1,
435,离殇,1,
436,汐子,1,
437,泪目,1,
438,落涙,1,
439,樱雨,1,
440,尕嫣,1,
441,先森,1,
442,無恋,1,
443,無敌,1,
444,無影,1,
445,寰兕,1,
446,衍魔,1,
447,道ㄋ,1,
448,至尊,1,
449,絕後,1,
450,無期,1,
451,夏末,1,
452,微风,1,
453,宇熙,1,
454,沬沫,1,
455,半城,1,
456,芯印,1,
457,之上,1,
458,世晴,1,
459,沫雪,1,
460,輕舞,1,
461,孤寂,1,
462,天使,1,
463,小喵,1,
464,无言,1,
465,夭夭,1,
466,孤瞳,1,
467,小沫,1,
468,如夏,1,
469,沉沉,1,
470,落J,1,
471,若溪,1,
472,之恋,1,
473,离歌,1,
474,淡忘,1,
475,芳華,1,
476,伊人,1,
477,如雪,1,
478,之夏,1,
479,半夏,1,
480,天涯,1,
481,轻寻,1,
482,花落,1,
483,泪倾,1,
484,初雨,1,
485,如玉,1,
486,安好,1,
487,心空,1,
488,殇泪,1,
489,殘年,1,
490,未眠,1,
491,櫻落,1,
492,怪兽,1,
493,晴空,1,
494,凉城,1,
495,凉少,1,
496,雨落,1,
497,赏樱,1,
498,时光,1,
499,墨安,1,
500,傾城,1,
501,浅夏,1,
502,筱悠,1,
503,傲丗,1,
504,梦缘,1,
505,恶魔,1,
506,狂嗨,1,
507,噬魂,1,
508,秒杀,1,
509,尛國,1,
510,羙好,1,
511,青笙,1,
512,浓妆,1,
513,霓裳,1,
514,红妆,1,
515,旧巷,1,
516,陌上,1,
517,莫离,1,
518,若兮,1,
519,洛熙,1,
520,今夏,1,
521,晚妆,1,
522,青杉,1,
523,连城,1,
524,瘋语,1,
525,一夏,1,
526,相碎,1,
527,暖夏,1,
528,花開,1,
529,風輕,1,
530,梨妆,1,
531,范儿,1,
532,梦微,1,
533,人离,1,
534,悲伤,1,
535,亡鱼,1,
536,亡心,1,
537,潇彤,1,
538,至遵,1,
539,葬梦,1,
540,枪神,1,
541,淡酒,1,
542,心安,1,
543,则安,1,
544,無愛,1,
545,花痴,1,
546,女王,1,
547,小柒,1,
548,湮灭,1,
549,苍穹,1,
550,浅雨,1,
551,浅斟,1,
552,淡颓,1,
553,回忆,1,
554,尕熙,1,
555,未殃,1,
556,纯白,1,
557,残魂,1,
558,醉雨,1,
559,非花,1,
560,勿念,1,
561,倾心,1,
562,分离,1,
563,尛鬼,1,
564,岢爱,1,
565,恋晨,1,
566,氺氺,1,
567,微笑,1,
568,于轩,1,
569,戦瑒,1,
570,眞羙,1,
571,媚児,1,
572,傲然,1,
573,堇年,1,
574,荭顔,1,
575,追忆,1,
576,凌风,1,
577,涟漪,1,
578,情枫,1,
579,风铃,1,
580,追风,1,
581,飞鹭,1,
582,独行,1,
583,蝶夢,1,
584,凄美,1,
585,孤星,1,
586,浅吟,1,
587,星辉,1,
588,飘零,1,
589,飘渺,1,
590,距離,1,
591,偶然,1,
592,轻娆,1,
593,夜風,1,
594,错觉,1,
595,依旧,1,
596,溫柔,1,
597,美夢,1,
598,子夜,1,
599,蓶一,1,
600,若弃,1,
601,终空,1,
602,凉心,1,
603,梦影,1,
604,素衣,1,
605,缘浅,1,
606,時咣,1,
607,流殇,1,
608,惆怅,1,
609,子柒,1,
610,阡泽,1,
611,若惜,1,
612,执念,1,
613,悲傷,1,
614,掠影,1,
615,回憶,1,
616,如饴,1,
617,心逝,1,
618,竹影,1,
619,孤雁,1,
620,浅暮,1,
621,清欢,1,
622,刀锋,1,
623,汐夏,1,
624,沉沦,1,
625,弦何,1,
626,雨音,1,
627,月影,1,
628,离莂,1,
629,失憶,1,
630,未逝,1,
631,青丝,1,
632,无痕,1,
633,丸子,1,
634,果果,1,
635,深巷,1,
636,墨漓,1,
637,梦忆,1,
638,薄凉,1,
639,苍凉,1,
640,烟雨,1,
641,葬情,1,
642,凉兮,1,
643,青衣,1,
644,幻灭,1,
645,幽歌,1,
646,狙神,1,
647,兮情,1,
648,琪琪,1,
649,晨韵,1,
650,晴儿,1,
651,薇薇,1,
652,梦嫣,1,
653,紫琦,1,
654,笑靥,1,
655,双儿,1,
656,淑梦,1,
657,诗韵,1,
658,洛神,1,
659,嫙侓,1,
660,如命,1,
661,忧傷,1,
662,菋噵,1,
663,浮华,1,
664,相忘,1,
665,飛揚,1,
666,玫瑰,1,
667,霜娟,1,
668,释然,1,
669,猫姬,1,
670,剑舞,1,
671,若素,1,
672,夕颜,1,
673,糖酱,1,
674,含烟,1,
675,若希,1,
676,缘柔,1,
677,絕戀,1,
678,怡婷,1,
679,悦儿,1,
680,月荷,1,
681,糖糖,1,
682,思薇,1,
683,梦幻,1,
684,娇姿,1,
685,天狼,1,
686,不斩,1,
687,夏凉,1,
688,浩浩,1,
689,泛濫,1,
690,清风,1,
691,蔷薇,1,
692,豆寇,1,
693,玉滋,1,
694,听雨,1,
695,為誰,1,
696,承諾,1,
697,大娘,1,
698,风飞,1,
699,牧风,1,
700,思人,1,
701,孤狼,1,
702,ド止,1,
703,诗璇,1,
704,窈窕,1,
705,灵茵,1,
706,相思,1,
707,灵儿,1,
708,灵月,1,
709,如诗,1,
710,魅狐,1,
711,冰雪,1,
712,子双,1,
713,雨樱,1,
714,玉蝶,1,
715,冰冰,1,
716,飞霜,1,
717,凤舞,1,
718,紫紫,1,
719,思琪,1,
720,樱花,1,
721,魔女,1,
722,嫣儿,1,
723,雪茹,1,
724,北星,1,
725,幻心,1,
726,寒烟,1,
727,空灵,1,
728,秋雨,1,
729,烟柔,1,
730,静娴,1,
731,冰月,1,
732,喵喵,1,
733,孩纸,1,
734,青诗,1,
735,月如,1,
736,兰兰,1,
737,静静,1,
738,嫣红,1,
739,水晶,1,
740,琉璃,1,
741,香香,1,
742,诗烟,1,
743,婉若,1,
744,白薇,1,
745,冬雪,1,
746,依落,1,
747,凝望,1,
748,蝴蝶,1,
749,兰心,1,
750,筱璐,1,
751,惜雨,1,
752,兰铃,1,
753,水灵,1,
754,婉茹,1,
755,颖雪,1,
756,轻舟,1,
757,沐顔,1,
758,灵娇,1,
759,宠儿,1,
760,烟娜,1,
761,魅影,1,
762,白露,1,
763,琴儿,1,
764,惜柔,1,
765,月夜,1,
766,晓樱,1,
767,玉珠,1,
768,心怡,1,
769,灵琴,1,
770,萝莉,1,
771,柳霜,1,
772,轻弦,1,
773,氺晶,1,
774,藍姬,1,
775,雨寒,1,
776,若彤,1,
777,茜茜,1,
778,粉黛,1,
779,媚柔,1,
780,珊珊,1,
781,若曦,1,
782,梦蝶,1,
783,清韵,1,
784,娇娇,1,
785,筱柔,1,
786,星月,1,
787,轻歌,1,
788,如茹,1,
789,晓音,1,
790,流苏,1,
791,诗荷,1,
792,芳菲,1,
793,玉儿,1,
794,翠花,1,
795,小翠,1,
796,校花,1,
797,如沫,1,
798,小花,1,
799,妖花,1,
800,金莲,1,
801,美眉,1,
802,半芹,1,
803,友绿,1,
804,依霜,1,
805,思松,1,
806,妙菡,1,
807,谷梦,1,
808,绿茶,1,
809,采梦,1,
810,元冬,1,
811,平卉,1,
812,竹君,1,
813,友蕊,1,
814,雪蕊,1,
815,依凌,1,
816,秋柔,1,
817,美珊,1,
818,翠柔,1,
819,雨安,1,
820,碧蓉,1,
821,芷天,1,
822,友易,1,
823,迎夏,1,
824,雁桃,1,
825,妍洋,1,
826,思琴,1,
827,山兰,1,
828,怜菡,1,
829,乐漪,1,
830,丹彤,1,
831,痴凝,1,
832,映秋,1,
833,迎彤,1,
834,迎荷,1,
835,惜珊,1,
836,寄翠,1,
837,海安,1,
838,翠梅,1,
839,碧凡,1,
840,沛珊,1,
841,映易,1,
842,寄凡,1,
843,菏黛,1,
844,竹娴,1,
845,元槐,1,
846,雅淳,1,
847,萱蕃,1,
848,南松,1,
849,凡梅,1,
850,白易,1,
851,雪晴,1,
852,尔风,1,
853,紫南,1,
854,欣蕾,1,
855,问寒,1,
856,寒安,1,
857,易文,1,
858,涵菡,1,
859,采珊,1,
860,凡柔,1,
861,安莲,1,
862,听筠,1,
863,水蓝,1,
864,访琴,1,
865,巧蕊,1,
866,若萱,1,
867,飞双,1,
868,尔竹,1,
869,如萱,1,
870,紫山,1,
871,语蕊,1,
872,映寒,1,
873,雪珊,1,
874,南莲,1,
875,思真,1,
876,寻梅,1,
877,山柏,1,
878,秋灵,1,
879,萍薇,1,
880,傲丝,1,
881,笑寒,1,
882,书琴,1,
883,诗晴,1,
884,痴梅,1,
885,语琴,1,
886,雅绿,1,
887,寻冬,1,
888,书蝶,1,
889,凝丹,1,
890,高诗,1,
891,冷安,1,
892,孤兰,1,
893,迎梅,1,
894,寄柔,1,
895,蔚蓝,1,
896,思默,1,
897,姗玫,1,
898,秋珊,1,
899,千兰,1,
900,慕儿,1,
901,灵薇,1,
902,翠巧,1,
903,春翠,1,
904,雪莲,1,
905,含玉,1,
906,乐瑶,1,
907,孤晴,1,
908,翠柏,1,
909,易烟,1,
910,听枫,1,
911,巧云,1,
912,妙芙,1,
913,醉波,1,
914,雪莹,1,
915,诗婧,1,
916,怀绿,1,
917,丹亦,1,
918,傲冬,1,
919,夏波,1,
920,宛儿,1,
921,青枫,1,
922,觅露,1,
923,灵松,1,
924,寄松,1,
925,安寒,1,
926,若枫,1,
927,凌柏,1,
928,山梅,1,
929,孤云,1,
930,之瑶,1,
931,夜蕾,1,
932,夏菡,1,
933,幼蓉,1,
934,小凡,1,
935,怀蕾,1,
936,从丹,1,
937,夏槐,1,
938,妙妗,1,
939,寄灵,1,
940,孤岚,1,
941,姿蝉,1,
942,安柏,1,
943,瑶蕴,1,
944,芷蕊,1,
945,月雪,1,
946,窈莹,1,
947,惜芹,1,
948,凌瑶,1,
949,蓝馨,1,
950,静晗,1,
951,绿蝶,1,
952,代云,1,
953,白梅,1,
954,小之,1,
955,又琴,1,
956,娟杏,1,
957,易梦,1,
958,香岚,1,
959,问筠,1,
960,谷翠,1,
961,依瑶,1,
962,雨桐,1,
963,盼香,1,
964,亦云,1,
965,觅儿,1,
966,采春,1,
967,幼枫,1,
968,雁凡,1,
969,诗嘉,1,
970,若冰,1,
971,寄云,1,
972,恨松,1,
973,白风,1,
974,玉柔,1,
975,思萱,1,
976,碧彤,1,
977,芷荷,1,
978,平萱,1,
979,念芹,1,
980,海秋,1,
981,湘岚,1,
982,凡巧,1,
983,春蕾,1,
984,青文,1,
985,思玮,1,
986,迎松,1,
987,迎梦,1,
988,心妍,1,
989,诗珊,1,
990,冷之,1,
991,傲柔,1,
992,又绿,1,
993,绿竹,1,
994,飞兰,1,
995,尔珍,1,
996,冷卉,1,
997,从南,1,
998,芷卉,1,
999,语芹,0,
1000,春竹,0,
1001,绮晴,0,
1002,向露,0,
1003,谷冬,0,
1004,冰露,0,
1005,迎天,0,
1006,涵菱,0,
1007,飞风,0,
1008,雨竹,0,
1009,萧依,0,
1010,觅云,0,
1011,初丹,0,
1012,晓旋,0,
1013,听寒,0,
1014,乐枫,0,
1015,丹蝶,0,
1016,宛丝,0,
1017,飞莲,0,
1018,碧春,0,
1019,樱芬,0,
1020,沛凝,0,
1021,冰蝶,0,
1022,雅馨,0,
1023,雪青,0,
1024,惜玉,0,
1025,妙菱,0,
1026,代巧,0,
1027,傲蕾,0,
1028,梦颜,0,
1029,痴梦,0,
1030,白亦,0,
1031,语芙,0,
1032,雨旋,0,
1033,菀妙,0,
1034,思烟,0,
1035,盼秋,0,
1036,乐蕊,0,
1037,初蓝,0,
1038,冰旋,0,
1039,玉涵,0,
1040,亦巧,0,
1041,依秋,0,
1042,书瑶,0,
1043,恨桃,0,
1044,冰岚,0,
1045,夜梅,0,
1046,水香,0,
1047,乐萱,0,
1048,夏岚,0,
1049,绿真,0,
1050,小萱,0,
1051,紫青,0,
1052,绮琴,0,
1053,盼芙,0,
1054,念文,0,
1055,凡旋,0,
1056,芙颖,0,
1057,紫萱,0,
1058,雨若,0,
1059,以晴,0,
1060,诗桃,0,
1061,春雁,0,
1062,安珊,0,
1063,元柏,0,
1064,小蕾,0,
1065,青寒,0,
1066,曼荷,0,
1067,静槐,0,
1068,怀薇,0,
1069,冰烟,0,
1070,傲珊,0,
1071,水桃,0,
1072,沛柔,0,
1073,初珍,0,
1074,醉冬,0,
1075,元蝶,0,
1076,夜南,0,
1077,小萍,0,
1078,香彤,0,
1079,凡桃,0,
1080,秋翠,0,
1081,念梦,0,
1082,恨真,0,
1083,冬寒,0,
1084,听双,0,
1085,从梦,0,
1086,安双,0,
1087,易绿,0,
1088,曼柔,0,
1089,灵安,0,
1090,凡白,0,
1091,幼南,0,
1092,梦竹,0,
1093,涵易,0,
1094,书芹,0,
1095,醉柳,0,
1096,依丝,0,
1097,依云,0,
1098,飞荷,0,
1099,向珊,0,
1100,慕青,0,
1101,曼岚,0,
1102,紫函,0,
1103,忆枫,0,
1104,欣怡,0,
1105,香巧,0,
1106,惜萍,0,
1107,梦琦,0,
1108,含蕊,0,
1109,飞薇,0,
1110,代荷,0,
1111,梦寒,0,
1112,靖雁,0,
1113,海莲,0,
1114,凌萱,0,
1115,幻露,0,
1116,安萱,0,
1117,芷容,0,
1118,尔岚,0,
1119,代萱,0,
1120,冬莲,0,
1121,采南,0,
1122,冰海,0,
1123,静寒,0,
1124,谷蕊,0,
1125,耀辉,0,
1126,寻春,0,
1127,佩晴,0,
1128,妙嫣,0,
1129,傲南,0,
1130,诗婷,0,
1131,秋荷,0,
1132,幻梅,0,
1133,翠萱,0,
1134,蕖荟,0,
1135,含巧,0,
1136,亦玉,0,
1137,香天,0,
1138,访梦,0,
1139,向彤,0,
1140,寒梅,0,
1141,书翠,0,
1142,千柳,0,
1143,代亦,0,
1144,幻巧,0,
1145,映之,0,
1146,映冬,0,
1147,曼雁,0,
1148,冰绿,0,
1149,语梦,0,
1150,怀曼,0,
1151,元香,0,
1152,凝丝,0,
1153,慕蕊,0,
1154,春柔,0,
1155,新筠,0,
1156,梦凡,0,
1157,冰蓝,0,
1158,秋烟,0,
1159,觅波,0,
1160,傲旋,0,
1161,友儿,0,
1162,灵凡,0,
1163,乐蓉,0,
1164,雨琴,0,
1165,雪岚,0,
1166,忆安,0,
1167,笑霜,0,
1168,天曼,0,
1169,慕山,0,
1170,恨山,0,
1171,夜蓉,0,
1172,以蓝,0,
1173,妙竹,0,
1174,春冬,0,
1175,访蕊,0,
1176,向山,0,
1177,绢竺,0,
1178,夏真,0,
1179,晓亦,0,
1180,莫忆,0,
1181,从蓉,0,
1182,语蝶,0,
1183,问玉,0,
1184,梦露,0,
1185,听南,0,
1186,梦曼,0,
1187,元风,0,
1188,思柔,0,
1189,芷波,0,
1190,翠彤,0,
1191,南霜,0,
1192,灵蕊,0,
1193,涵梅,0,
1194,采波,0,
1195,笑天,0,
1196,向薇,0,
1197,水绿,0,
1198,含莲,0,
1199,听安,0,
1200,瑶菏,0,
1201,念露,0,
1202,丹寒,0,
1203,白翠,0,
1204,夏瑶,0,
1205,芷雪,0,
1206,丽媛,0,
1207,涵雁,0,
1208,念蕾,0,
1209,曼彤,0,
1210,访冬,0,
1211,雪云,0,
1212,兮倩,0,
1213,盼夏,0,
1214,梦桐,0,
1215,静珊,0,
1216,靖柏,0,
1217,含灵,0,
1218,冬儿,0,
1219,丹云,0,
1220,采枫,0,
1221,笑珊,0,
1222,绮露,0,
1223,映波,0,
1224,依波,0,
1225,新波,0,
1226,涵蕾,0,
1227,雅蕊,0,
1228,雪卉,0,
1229,成益,0,
1230,和玉,0,
1231,俊民,0,
1232,伟茂,0,
1233,俊远,0,
1234,鸿畅,0,
1235,雅惠,0,
1236,鹏海,0,
1237,葛烨,0,
1238,承基,0,
1239,俊智,0,
1240,光誉,0,
1241,理群,0,
1242,翰采,0,
1243,文博,0,
1244,信鸿,0,
1245,茂德,0,
1246,奇玮,0,
1247,丘昊,0,
1248,承福,0,
1249,康成,0,
1250,飞捷,0,
1251,元洲,0,
1252,乐心,0,
1253,同化,0,
1254,煜祺,0,
1255,修然,0,
1256,国豪,0,
1257,俊雄,0,
1258,鸿福,0,
1259,嘉瑞,0,
1260,英豪,0,
1261,同和,0,
1262,和昶,0,
1263,叔正,0,
1264,景焕,0,
1265,和宜,0,
1266,宏才,0,
1267,葛向,0,
1268,飞掣,0,
1269,睿聪,0,
1270,修永,0,
1271,华晖,0,
1272,和洽,0,
1273,文柏,0,
1274,马波,0,
1275,高翰,0,
1276,鸿博,0,
1277,德运,0,
1278,英喆,0,
1279,俊郎,0,
1280,昊焱,0,
1281,绍祺,0,
1282,弘深,0,
1283,良吉,0,
1284,和怡,0,
1285,元龙,0,
1286,经艺,0,
1287,鸿畴,0,
1288,亢宏,0,
1289,涵衍,0,
1290,叔奇,0,
1291,西烨,0,
1292,嘉荣,0,
1293,建茗,0,
1294,文宣,0,
1295,开济,0,
1296,景辉,0,
1297,宜修,0,
1298,乐安,0,
1299,宏伟,0,
1300,英耀,0,
1301,浩广,0,
1302,丘嘉,0,
1303,泰河,0,
1304,文德,0,
1305,宏逸,0,
1306,永寿,0,
1307,英博,0,
1308,雪峰,0,
1309,甫俊,0,
1310,叔波,0,
1311,葛元,0,
1312,阳嘉,0,
1313,志文,0,
1314,英范,0,
1315,康伯,0,
1316,飞章,0,
1317,谷宏,0,
1318,正彬,0,
1319,心远,0,
1320,海玉,0,
1321,宫星,0,
1322,西庆,0,
1323,华皓,0,
1324,亢永,0,
1325,帅兴,0,
1326,睿才,0,
1327,俊捷,0,
1328,英飙,0,
1329,阳天,0,
1330,生睿,0,
1331,昊空,0,
1332,元魁,0,
1333,宏胜,0,
1334,阳飞,0,
1335,伟兆,0,
1336,良宜,0,
1337,昊昊,0,
1338,璞瑜,0,
1339,文栋,0,
1340,雪风,0,
1341,瑾瑜,0,
1342,天赋,0,
1343,侯文,0,
1344,里俊,0,
1345,丰羽,0,
1346,和悌,0,
1347,辕宏,0,
1348,嘉珍,0,
1349,谷朋,0,
1350,文光,0,
1351,谷飞,0,
1352,狐雅,0,
1353,明远,0,
1354,涵煦,0,
1355,丘阳,0,
1356,睿达,0,
1357,鹏天,0,
1358,德润,0,
1359,孙锐,0,
1360,博延,0,
1361,高阳,0,
1362,博实,0,
1363,学义,0,
1364,修雅,0,
1365,高岑,0,
1366,弘图,0,
1367,良阳,0,
1368,康顺,0,
1369,茂学,0,
1370,晋鹏,0,
1371,安宁,0,
1372,阳冰,0,
1373,承载,0,
1374,高昂,0,
1375,良畴,0,
1376,官星,0,
1377,经亘,0,
1378,天宇,0,
1379,季萌,0,
1380,志学,0,
1381,鹏赋,0,
1382,文彬,0,
1383,里晟,0,
1384,门明,0,
1385,文轩,0,
1386,开霁,0,
1387,凯捷,0,
1388,安邦,0,
1389,高峻,0,
1390,宾鸿,0,
1391,拔涵,0,
1392,星辰,0,
1393,华藏,0,
1394,玉龙,0,
1395,台高,0,
1396,叔承,0,
1397,鸿禧,0,
1398,德馨,0,
1399,乐和,0,
1400,金鑫,0,
1401,嘉禧,0,
1402,于阳,0,
1403,奇文,0,
1404,才俊,0,
1405,作人,0,
1406,明珠,0,
1407,鸿卓,0,
1408,弘济,0,
1409,经略,0,
1410,星宇,0,
1411,安和,0,
1412,昊强,0,
1413,和志,0,
1414,宏富,0,
1415,俊驰,0,
1416,阳翰,0,
1417,承恩,0,
1418,子真,0,
1419,刚洁,0,
1420,舌浦,0,
1421,高远,0,
1422,里和,0,
1423,宏爽,0,
1424,雕元,0,
1425,飞文,0,
1426,飞昂,0,
1427,安民,0,
1428,驷作,0,
1429,景同,0,
1430,赏俊,0,
1431,成双,0,
1432,哈俊,0,
1433,雅健,0,
1434,离正,0,
1435,坚成,0,
1436,英奕,0,
1437,丘恺,0,
1438,飞跃,0,
1439,钦华,0,
1440,星海,0,
1441,佴兴,0,
1442,丘光,0,
1443,德海,0,
1444,人伟,0,
1445,波鸿,0,
1446,丘茂,0,
1447,温韦,0,
1448,勇捷,0,
1449,咏思,0,
1450,茂彦,0,
1451,志用,0,
1452,国安,0,
1453,俊良,0,
1454,烨伟,0,
1455,锐思,0,
1456,祺祥,0,
1457,才英,0,
1458,烨霖,0,
1459,修齐,0,
1460,承望,0,
1461,建安,0,
1462,逸明,0,
1463,玉树,0,
1464,华美,0,
1465,彭泽,0,
1466,侯彭,0,
1467,孙宏,0,
1468,嘉志,0,
1469,空宏,0,
1470,文曜,0,
1471,和豫,0,
1472,安福,0,
1473,天佑,0,
1474,景龙,0,
1475,文彦,0,
1476,欣怿,0,
1477,方德,0,
1478,嘉德,0,
1479,建柏,0,
1480,翰藻,0,
1481,谷楷,0,
1482,屠波,0,
1483,兴修,0,
1484,兴言,0,
1485,阳曦,0,
1486,开诚,0,
1487,元纬,0,
1488,高爽,0,
1489,笪温,0,
1490,督兴,0,
1491,嘉悦,0,
1492,正卿,0,
1493,舌升,0,
1494,康宁,0,
1495,康胜,0,
1496,成礼,0,
1497,孙睿,0,
1498,楚宾,0,
1499,昊苍,0,
1500,智勇,0,
1501,欣可,0,
1502,浩宕,0,
1503,和顺,0,
1504,康德,0,
1505,彬彬,0,
1506,方明,0,
1507,振海,0,
1508,冶康,0,
1509,宜春,0,
1510,孙鹏,0,
1511,瀚海,0,
1512,雪松,0,
1513,睿思,0,
1514,嘉慕,0,
1515,懿轩,0,
1516,郭华,0,
1517,茂实,0,
1518,志勇,0,
1519,飞白,0,
1520,巍然,0,
1521,坚诚,0,
1522,锐翰,0,
1523,乐咏,0,
1524,明旭,0,
1525,笪飞,0,
1526,孙烨,0,
1527,俊雅,0,
1528,茂才,0,
1529,帅宏,0,
1530,离兴,0,
1531,兴国,0,
1532,光熙,0,
1533,擎宇,0,
1534,高飞,0,
1535,阳旭,0,
1536,华奥,0,
1537,元凯,0,
1538,良建,0,
1539,连宜,0,
1540,浩荡,0,
1541,雅逸,0,
1542,文山,0,
1543,良策,0,
1544,人安,0,
1545,飞翼,0,
1546,谷翰,0,
1547,学林,0,
1548,谷博,0,
1549,智明,0,
1550,景铄,0,
1551,弘伟,0,
1552,里修,0,
1553,高歌,0,
1554,俊杰,0,
1555,俊能,0,
1556,奇水,0,
1557,经业,0,
1558,凯泽,0,
1559,高达,0,
1560,晗昱,0,
1561,高洁,0,
1562,哲圣,0,
1563,延永,0,
1564,修杰,0,
1565,于和,0,
1566,新知,0,
1567,星雨,0,
1568,容元,0,
1569,凯唱,0,
1570,才捷,0,
1571,正浩,0,
1572,官欣,0,
1573,高明,0,
1574,飞尘,0,
1575,温纶,0,
1576,阳瀚,0,
1577,鸿信,0,
1578,延星,0,
1579,法和,0,
1580,孙毅,0,
1581,後正,0,
1582,嘉平,0,
1583,伟毅,0,
1584,学名,0,
1585,冶伟,0,
1586,濮存,0,
1587,高格,0,
1588,寇星,0,
1589,风华,0,
1590,谷烨,0,
1591,光亮,0,
1592,爱阳,0,
1593,浦和,0,
1594,伟泽,0,
1595,浩瀚,0,
1596,宾白,0,
1597,凯康,0,
1598,雅懿,0,
1599,迟雅,0,
1600,高扬,0,
1601,景明,0,
1602,阳兴,0,
1603,涵润,0,
1604,温茂,0,
1605,浩穰,0,
1606,明德,0,
1607,敏博,0,
1608,高逸,0,
1609,干乐,0,
1610,睿范,0,
1611,永逸,0,
1612,景胜,0,
1613,永康,0,
1614,嘉许,0,
1615,帅天,0,
1616,逸仙,0,
1617,生烨,0,
1618,开宇,0,
1619,荣轩,0,
1620,马哲,0,
1621,飞宇,0,
1622,学博,0,
1623,兴腾,0,
1624,光霁,0,
1625,敏才,0,
1626,修平,0,
1627,俊语,0,
1628,建弼,0,
1629,乐游,0,
1630,永贞,0,
1631,良俊,0,
1632,文翰,0,
1633,寇德,0,
1634,雅畅,0,
1635,智鑫,0,
1636,侯鸿,0,
1637,阳学,0,
1638,永丰,0,
1639,孙浩,0,
1640,锐锋,0,
1641,宏朗,0,
1642,承德,0,
1643,伟奇,0,
1644,越彬,0,
1645,良材,0,
1646,叔和,0,
1647,涵意,0,
1648,浩博,0,
1649,伟才,0,
1650,成和,0,
1651,亢雅,0,
1652,安怡,0,
1653,子平,0,
1654,阳夏,0,
1655,理全,0,
1656,锐智,0,
1657,泰鸿,0,
1658,于英,0,
1659,哈溥,0,
1660,经义,0,
1661,侯嘉,0,
1662,嘉祯,0,
1663,敏达,0,
1664,敏叡,0,
1665,彭越,0,
1666,高澹,0,
1667,和硕,0,
1668,成文,0,
1669,名不正则言不顺,2,1
1670,按键伤人,2,1
1671,爱不爱我,2,1
1672,妹妹坐船头,2,1
1673,农夫三拳,2,1
1674,猪嚼在恋,2,1
1675,马驴脸猛鹿,2,1
1676,小兔咬人,2,1
1677,饿昏的猪,2,1
1678,先锋,2,1
1679,露小枫,2,1
1680,石壁冒蘑菇,2,1
1681,传奇总动员,2,1
1682,天天向上,2,1
1683,有事烧纸,2,1
1684,夜深早睡,2,1
1685,有糕青年,2,1
1686,今晚砍传奇,2,1
1687,做男人当自强,2,1
1688,多看不好,2,1
1689,帅的被人砍,2,1
1690,辣笔小心,2,1
1691,和尚洗头用飘柔,2,1
1692,哈里波特,2,1
1693,狂飙的蜗牛,2,1
1694,卖女孩的小火柴,2,1
1695,踩姑娘的小蘑菇,2,1
1696,笑熬浆糊,2,1
1698,高效安全无污染,2,1
1699,本人已死,2,1
1700,温柔一刀,2,1
1701,六卖神剑,2,1
1702,笑熬浆糊拎壶冲,2,1
1703,别拿发型挑战我,2,1
1704,创不可贴,2,1
1705,疯牛涕淌,2,1
1706,PK时发型不乱,2,1
1707,百年竖人,2,1
1708,百年树袋熊,2,1
1709,老鼠爱上猫,2,1
1710,少年包工头,2,1
1711,冷酷到底,2,1
1712,千斤拨四两,2,1
1713,撑起地球仪,2,1
1714,雁过留声机,2,1
1715,常在河边走,2,1
1716,爱护环境,2,1
1717,千里送鹅毛,2,1
1718,土琵琶东风破,2,1
1719,金丝大环刀,2,1
1720,外行看老道,2,1
1721,外行看人行道,2,1
1722,内练一口气,2,1
1723,不愿坐着的人们,2,1
1724,穷人孩子早出家,2,1
1725,吃的是草,2,1
1726,中暑山庄,2,1
1727,降龙罗汉,2,1
1728,车到山前是死路,2,1
1729,塞翁失身焉知福,2,1
1730,我拿什么整死你,2,1
1731,动力火锅,2,1
1732,假发飞扬,2,1
1733,化骨绵脚,2,1
1734,拖也拖不动,2,1
1735,高跟鞋,2,1
1736,拿西经书占位,2,1
1737,没大事不失恋,2,1
1738,善解人衣,2,1
1739,馋嘴鼠,2,1
1740,等待你的泪,2,1
1741,孤独泪水,2,1
1742,你会不会来,2,1
1743,雨夜带刀不带伞,2,1
1744,留了一个礼拜血,2,1
1745,不死的动物,2,1
1746,几年过节不收礼,2,1
1747,猪是的念来过倒,2,1
1748,海枯石烂泪成灰,2,1
1749,扎女孩的小辫子,2,1
1750,卖姑娘的小火柴,2,1
1751,采姑娘的老蘑菇,2,1
1752,封刀看海只为爱,2,1
1753,生活有滋有味,2,1
1754,板砖猛抽脸,2,1
1755,我来探个头,2,1
1756,我用雕牌,2,1
1757,今年过节不,2,1
1758,直到舒服为止,2,1
1759,封剑沉江只为情,2,1
1760,地狱の情人,2,1
1761,蜡笔小新,2,1
1762,陌生男人,2,1
1763,数月亮的娃娃,2,1
1764,思考的秤子,2,1
1765,老甜甜,2,1
1766,妹妹,2,1
1767,我认输ok,2,1
1768,我容易吗我,2,1
1769,没人爱的狼,2,1
1770,估计不会很长,2,1
1771,为起名字烦恼,2,1
1772,龙襟卫第一高手,2,1
1773,坠落的尾巴,2,1
1774,捞猴子的月亮,2,1
1775,帅得不敢上厕所,2,1
1776,帅的很尴尬,2,1
1777,朕设你无罪,2,1
1778,捂裆派掌门,2,1
1779,这次把密码记住,2,1
1780,愤怒的射手,2,1
1781,这蜗牛跑的好快,2,1
1782,帅哥,2,1
1783,霸霸霸道,2,1
1784,西瓜太长,2,1
1785,大象依人,2,1
1786,独孤求偶,2,1
1787,西门吹牛,2,1
1788,我是良民,2,1
1789,爬上墙头等红杏,2,1
1790,一般一般全国三,2,1
1791,一脸的美人痣,2,1
1792,宁缺勿滥,2,1
1793,非洲小白脸,2,1
1794,黑人,2,1
1795,怕瓦落地,2,1
1796,唐伯虎点蚊香,2,1
1797,无里头星驰,2,1
1798,小鸟大人,2,1
1799,朝三暮四郎,2,1
1800,花心大萝卜,2,1
1801,化腐朽为绵掌,2,1
1802,化骨绵掌,2,1
1803,我笑他人太风趣,2,1
1804,其实不想走,2,1
1805,圆月豌豆,2,1
1806,当年的逗泥湾,2,1
1807,三十六计西游计,2,1
1808,黔驴技院,2,1
1809,上帝是个蜗牛,2,1
1810,要命没有要钱有,2,1
1811,来瓶八二矿泉水,2,1
1812,九九一十八,2,1
1813,公泰初,2,1
1814,萧光誉,2,1
1815,闻辰逸,2,1
1816,封光赫,2,1
1817,宗政阳云,2,1
1818,慕英杰,2,1
1819,骆俊良,2,1
1820,曹天磊,2,1
1821,禹俊民,2,1
1822,於翔飞,2,1
1823,殴琪睿,2,1
1824,苏嘉歆,2,1
1825,傅鸿风,2,1
1826,刘宏才,2,1
1827,谈煜祺,2,1
1828,苗兴怀,2,1
1829,谢主龙恩,2,1
1830,君笑世人痴,2,1
1831,我是自愿的,2,1
1832,我以为我是羽毛,2,1
1833,累死的虫,2,1
1834,胯下有神话,2,1
1835,铁掌火上烤,2,1
1836,五谷先生,2,1
1837,一招不秒就跑,2,1
1838,依然狠嚣张,2,1
1839,三拳打死猛老虎,2,1
1840,嘟嘟熊的嘟嘟熊,2,1
1841,大象掉进蚂蚁洞,2,1
1842,现在起名字真难,2,1
1843,PK发型不乱,2,1
1844,有种就看我一眼,2,1
1845,不要数有多少字,2,1
1846,我是野生的,2,1
1847,打不过我就跑,2,1
1848,施主化个冒,2,1
1849,完美名字七个字,2,1
1850,行者孙,2,1
1851,比如花还如花,2,1
1852,东南西北方不败,2,1
1853,没尾巴和你一样,2,1
1854,PK起来一手汗,2,1
1855,传送师,2,1
1856,路见不平拔刀刎,2,1
1857,把鼠标拿开,2,1
1858,兽兽的,2,1
1859,幸运玩家,2,1
1860,低温烫伤,2,1
1861,会接生的男人,2,1
1862,都是太阳惹的祸,2,1
1863,一步一卡的潇洒,2,1
1864,毛茸茸的小可爱,2,1
1865,咬你命三千,2,1
1866,男扮女装混传奇,2,1
1867,烈火点烟,2,1
1868,坐在坟前指挥鬼,2,1
1869,砍刀之神,2,1
1870,头一次的伤,2,1
1871,含笑半步颠,2,1
1872,猪肉馒头派,2,1
1873,老衲法号帅哥,2,1
1874,标准衰哥,2,1
1875,小鹿爱吃肉,2,1
1876,笑熬糨糊拎壶冲,2,1
1877,加勒比海带,2,1
1878,无情的泡面,2,1
1879,射鲸英雄传,2,1
1880,神经侠侣,2,1
1881,鸭梨山大,2,1
1882,掐死你的温柔,2,1
1883,有尽有过，腻了,2,1
1884,碎一地阳光,2,1
1885,西和大锅盔,2,1
1886,太行浪人,2,1
1887,驴，修炼,2,1
1888,麻花藤,2,1
1889,你好、坏,2,1
1890,谈情不谈钱,2,1
1891,回家养猪算勒,2,1
1892,纠结、,2,1
1893,別看我正面,2,1
1894,懵懂的小屁孩,2,1
1895,一天到晚红烧鱼,2,1
1896,丑的拖网速,2,1
1897,黑洲非人,2,1
1898,老婆、别罚我,2,1
1899,真心换黑心,2,1
1900,你给我过来,2,1
1901,愤怒的老鸟,2,1
1902,咬字分开念,2,1
1903,嗜血小木,2,1
1904,怀念地球,2,1
1905,大能猫,2,1
1906,神鲸大侠,2,1
1907,老庄孙子,2,1
1908,独脚戏,2,1
1909,强壮的,2,1
1910,微笑依旧,2,1
1911,ni扯淡,2,1
1912,奥特曼打小怪,2,1
1913,很烦、很纠结,2,1
1914,早已戒网,2,1
1915,君临天下,2,1
1916,称霸酷比,2,1
1917,兰州烧饼,2,1
1918,穿越米粉,2,1
1919,对面八条狗,2,1
1920,老纳战队,2,1
1921,穿越囧线,2,1
1922,放开那大伯,2,1
1923,葬魂、辉煌,2,1
1924,逆天浪子,2,1
1925,纵横天下,2,1
1926,雪狼鲨豹,2,1
1927,蓝天之巅,2,1
1928,封神榜,2,1
1929,总队先锋,2,1
1930,帝王、,2,1
1931,疯人院、,2,1
1932,狠幸福灬,2,1
1933,丿D调,2,1
1934,全网走红灬,2,1
1935,冰火灬炙恋,2,1
1936,穿越裤裆,2,1
1937,萨达公,2,1
1938,奥特八兄弟,2,1
1939,化弹为蛋,2,1
1940,巛唯你专属灬,2,1
1941,丿King灬,2,1
1942,巅峰之神,2,1
1943,丿Muc,2,1
1944,FRAT灬,2,1
1945,丿、烈鹰,2,1
1946,巛义博云天,2,1
1947,、King,2,1
1948,终极、征服,2,1
1949,秒的如此华丽,2,1
1950,闻声出刀,2,1
1951,班碎碎,2,1
1952,追梦丿,2,1
1953,真的日后再说,2,1
1954,W叫哀木涕,2,1
1955,大家哈蛙,2,1
1956,耐奥祖的信徒,2,1
1957,I条丶陌路,2,1
1958,苏奇葩,2,1
1959,特么的什么鸟名,2,1
1960,唯美安其拉,2,1
1961,、末、,2,1
1962,愁云密布的吐槽,2,1
1963,银时,2,1
1964,幽泉幻声,2,1
1965,妹子我是益达,2,1
1966,玩转大字报,2,1
1967,烂漫梧桐,2,1
1968,送礼不送胡萝卜,2,1
1969,右眼流泪被注册,2,1
1970,我菜我无敌,2,1
1971,我家的楚楚动人,2,1
1972,花心道人,2,1
1973,过桥豆腐,2,1
1974,凡人灬领域,2,1
1975,索拉,2,1
1976,独醉清风,2,1
1977,莲莲帝霸之王,2,1
1978,朋友家人,2,1
1979,安阳的信仰,2,1
1980,叫我砖工,2,1
1981,假装是巧遇,2,1
1982,这样是对的,2,1
1983,哥贼的很,2,1
1984,完美厄运,2,1
1985,兔尾巴,2,1
1986,华丽夜店,2,1
1987,万恶的安娜,2,1
1988,都市的夜归人,2,1
1989,柳花飞入正行舟,2,1
1991,梦瞳雨,2,1
1992,无名猪之一,2,1
1993,仇人过亿结局,2,1
1994,郁闷的乡下人,2,1
1995,就想当个会员,2,1
1996,你会说爱我,2,1
1997,丶夏末之无痕,2,1
1998,醒不来的、梦,2,1
1999,朵朵家的猫咪,2,1
2000,猪八戒大官人,2,1
2001,离开式幸福,2,1
2002,璃裳醉雪,2,1
2003,如此、陌生,2,1
2004,萧寒羽,2,1
2005,不懂的的,2,1
2006,人比黄瓜瘦啊,2,1
2007,周、山峰,2,1
2008,清水一盆,2,1
2009,有冰棒的夏天,2,1
2010,wc中的鳄鱼,2,1
2011,住在右岸的猫灵,2,1
2012,非著名路人甲,2,1
2013,自、作多情,2,1
2014,要开学了,2,1
2015,清风王者无敌,2,1
2016,xx无情,2,1
2017,动感超人二世,2,1
2018,稻草人dk,2,1
2019,一个人滴孤单,2,1
2020,呦西v,2,1
2021,七濑海,2,1
2022,情话动听,2,1
2023,余天霸,2,1
2024,你的笑很巴黎,2,1
2025,伤心六月,2,1
2026,Y海海人生Y,2,1
2027,爱因斯坦的兔子,2,1
2028,我好想忘记你,2,1
2029,帅德被人砍,2,1
2030,人全平等,2,1
2031,月下一杯酒,2,1
2032,归来月上时,2,1
2033,亚梦了,2,1
2034,肉制品大王,2,1
2035,灰太狼的悲哀,2,1
2036,兔子画江山,2,1
2037,小坏蛋de春天,2,1
2038,刚睡着的蜗牛,2,1
2039,醉的飞过海,2,1
2040,女人要有的姿态,2,1
2041,黑色雪绒花,2,1
2042,请叫我、傻默,2,1
2043,大荒地,2,1
2044,那年烧饼,2,1
2045,霸气全开,2,1
2046,我是关中人,2,1
2047,花街小增就是拽,2,1
2048,妈我来打酱油,2,1
2049,无论胜败,2,1
2050,中国人一定要去,2,1
2051,七十多个猎人,2,1
2052,村里名人,2,1
2053,还我花生米,2,1
2054,斜月伴微舟,2,1
2055,夏冰离情,2,1
2056,七七牌三岁,2,1
2058,正常的老疯子,2,1
2059,小清水亚美,2,1
2060,雪碧凡,2,1
2061,匈奴人疯了,2,1
2062,蛋炒饭爱情,2,1
2063,电脑奇人,2,1
2064,花塚、,2,1
2065,春风又绿西海岸,2,1
2066,晚上晒浴霸,2,1
2067,发生小地震,2,1
2068,章鱼哥,2,1
2069,我是笨笨同学,2,1
2070,偶了个去丶,2,1
2071,猫公主m,2,1
2072,寂寞果实能力者,2,1
2073,流年忆荭顔,2,1
2074,漫游甜菜,2,1
2075,雨、祭,2,1
2076,吕布只怕晕,2,1
2077,冢妞,2,1
2078,？帅？,2,1
2079,、小磊,2,1
2080,滑轮打火,2,1
2081,灬小文丶你好,2,1
2082,私念翔宝,2,1
2083,这游戏好玩啊,2,1
2084,毅个史胖子,2,1
2085,大王叫我来巡山,2,1
2086,紫蓝晗月,2,1
2087,胯下有烈火,2,1
2088,是日以夏,2,1
2089,忘情、水,2,1
2090,橘子菠萝包,2,1
2091,为爱放飞自我,2,1
2092,我想去西藏放风,2,1
2093,果奔的野兔,2,1
2094,大马钩子,2,1
2095,小屁孩灬,2,1
2096,昨天的好梦,2,1
2097,安加西耐,2,1
2098,妞妞家的宝,2,1
2099,德芙的谎话,2,1
2100,最孤独的数字,2,1
2101,冷酷的花卷,2,1
2102,殇情悦,2,1
2103,疯子。。。。。,2,1
2104,关于流的悲伤,2,1
2105,神似张,2,1
2106,-点儿-,2,1
2107,男气功吖,2,1
2108,九零灬绝恋,2,1
2109,、so。汐,2,1
2110,井上陌花,2,1
2111,小邓子,2,1
2112,小麦兜,2,1
2113,速用品,2,1
2114,工会会长,2,1
2115,天堂小北,2,1
2116,虚空之王熵魔,2,1
2117,︶悲欢自饮,2,1
2118,落叶残香,2,1
2119,嫣然一笑伪嫣然,2,1
2120,无敌大磊,2,1
2121,懿本正经,2,1
2122,小晨。,2,1
2123,念。,2,1
2124,懒懒的痕,2,1
2125,你笑的如此浪漾,2,1
2126,核桃蘸蜂蜜,2,1
2127,苍白咏唱,2,1
2128,雨夜数星星,2,1
2129,巨白没手链,2,1
2130,老臭脚,2,1
2131,徐成林林林林,2,1
2132,百魅生,2,1
2133,如生命唯一,2,1
2134,何以感动,2,1
2136,眼眶的懵懂,2,1
2137,淡妆控,2,1
2138,易虎臣,2,1
2139,哼不去美妙,2,1
2140,傻傻の等待、,2,1
2141,长相守、,2,1
2142,谁的忧伤,2,1
2143,喊出喜欢你,2,1
2144,廉价的爱,2,1
2145,漏斗,2,1
2146,自首不相离,2,1
2147,繁华年间,2,1
2148,。乐。,2,1
2149,純白se,2,1
2150,最初的天堂,2,1
2151,回忆是个小孩,2,1
2152,对你产生依赖,2,1
2153,川一禽兽,2,1
2154,六道轮回,2,1
2155,一岁就狠搞,2,1
2156,晴修,2,1
2157,壮哉我大惩戒,2,1
2158,风搔就是昆,2,1
2159,冰红茶up,2,1
2160,感恩的心,2,1
2161,蒸发不结晶,2,1
2162,可乐力量,2,1
2163,红尘思感,2,1
2164,战神的独舞,2,1
2165,汨汨涟漪,2,1
2166,、狼吻,2,1
2167,不甘常眠,2,1
2168,护城河里放个屁,2,1
2169,诱惑,2,1
2170,蔡成成吃饭来没,2,1
2171,依米灬小花,2,1
2172,花开的声音,2,1
2173,黑漆吗乌,2,1
2174,锅迷,2,1
2175,逍遥默语,2,1
2176,魂淡,2,1
2177,猫猫在跳舞,2,1
2178,血队长,2,1
2179,淡墨乱了秋思,2,1
2180,传奇小枪神,2,1
2181,求种好ID,2,1
2182,木有粗面,2,1
2183,小德在巴黎,2,1
2184,苍蝇公爵,2,1
2185,猥琐的青春,2,1
2186,祥抚の狗头,2,1
2187,我叻个擦擦擦擦,2,1
2188,无毒,2,1
2189,尼古碧u丁,2,1
2190,不能用真名呐,2,1
2191,不潮乱花钱,2,1
2192,隔壁的泰山,2,1
2193,迷恋的小蝴蝶,2,1
2194,小阿害怕了,2,1
2195,悲伤的羔羊的,2,1
2196,不散宴席,2,1
2197,糖咔咪,2,1
2198,魔魁之女未情天,2,1
2199,爱的魔力转圈圈,2,1
2200,飘飘,2,1
2201,海海海海同学,2,1
2202,哈哈，，。,2,1
2203,流纭若风,2,1
2204,抹去一份思念,2,1
2205,茉莉麼麼茶,2,1
2206,刘羽,2,1
2207,我就爱看你装纯,2,1
2208,看看炒鸡蛋,2,1
2209,苏二黑狼,2,1
2210,纯洁即吾命,2,1
2211,千年等三回,2,1
2212,童爷,2,1
2213,东京拆迁奥特曼,2,1
2214,憤怒的蛋蛋,2,1
2215,苍白思绪,2,1
2216,将军少饮酒,2,1
2217,我叫李连杀,2,1
2218,铜钱,2,1
2219,百花君,2,1
2220,尘封之矿工,2,1
2221,暧樰,2,1
2222,可爱滴小黄瓜,2,1
2223,刺猬玫瑰,2,1
2224,负心多是读书人,2,1
2225,不明的执着,2,1
2226,角落里的猫,2,1
2227,在黑暗中落寞,2,1
2228,气质迷人,2,1
2229,冰冷的雪天,2,1
2230,莉莉丝的悲伤,2,1
2231,最后的回憶,2,1
2233,晚风吹拂,2,1
2234,老鹰狠犀利,2,1
2235,极大的愤怒,2,1
2236,我不是好人,2,1
2237,某某人滴冬冬,2,1
2238,江山起硝烟,2,1
2239,房间,2,1
2240,我的宝儿叫帅哥,2,1
2241,理查思海,2,1
2242,闪腰的乌龟,2,1
2243,吃人说梦,2,1
2244,冰霜一样的巨龙,2,1
2246,杀情人刀,2,1
2247,隐形的水人,2,1
2248,夜色中的月光,2,1
2249,美丽的一天,2,1
2250,阳光明媚,2,1
2251,差点是帅哥,2,1
2252,想当会员的小白,2,1
2253,街角人潮,2,1
2254,張坤,2,1
2255,兮彩儿,2,1
2256,白雪一样的盐,2,1
2257,仰望阳光,2,1
2258,我在电脑的现实中,2,1
2259,女人的心我不懂,2,1
2260,一品田下,2,1
2261,爱情坎坷,2,1
2262,霸王聪,2,1
2263,一个人独自的去,2,1
2264,股神也是人,2,1
2265,手机上旺旺,2,1
2266,凡人搔年,2,1
2267,人帅有天收,2,1
2268,量贩的寂寞,2,1
2269,小四的微笑,2,1
2270,是你让我失心疯,2,1
2271,无间断遭受大苦,2,1
2272,开心主义,2,1
2273,此岛无鱼,2,1
2274,霸气路飞,2,1
2275,记忆人,2,1
2276,冷光下的影子,2,1
2277,夜～太静,2,1
2278,冰影灬矫情,2,1
2279,今天情人节ㄨ,2,1
2280,被世俗了的人,2,1
2281,大爷是来曝光的,2,1
2282,花街灯如昼Zz,2,1
2283,随便超人,2,1
2284,西风东流,2,1
2285,桃子兮兮,2,1
2286,小霸王来也,2,1
2287,米余人,2,1
2288,风轩舞羽,2,1
2289,凡兽修人,2,1
2290,曾哥为猛男,2,1
2291,兮殇月,2,1
2292,不再沉默的羔羊,2,1
2293,笔尖的墨水,2,1
2294,青搔年,2,1
2295,随风飘零,2,1
2296,神之风兮,2,1
2297,我爱胖胖的帅哥,2,1
2298,霸王兵戈,2,1
2299,深夜搭车人,2,1
2300,王者必非偶然,2,1
2301,真是美女,2,1
2302,神童二代,2,1
2303,我的上天,2,1
2304,在逃亡路上的人,2,1
2305,残缺s爱,2,1
2306,我买两根金条,2,1
2307,荡雨殇,2,1
2308,别叫我小沉默,2,1
2309,烤乳熊,2,1
2310,咖啡,2,1
2311,德氏保温杯,2,1
2312,真影之翼,2,1
2313,超级火星大魔王,2,1
2314,残忍de温柔,2,1
2315,一个靓ID,2,1
2316,飘来荡去,2,1
2317,大象不吃草,2,1
2318,骑猪上街,2,1
2319,渡边丶,2,1
2320,娱乐潜水小公主,2,1
2321,心理学教兽,2,1
2322,毅然落幕,2,1
2323,那枚蓝色耳钉,2,1
2324,简单Di小调,2,1
2325,揣耗子的猎人,2,1
2326,这没有意,2,1
2327,曾经被人骗过,2,1
2328,封号的海贼,2,1
2329,自古傻帽多害人,2,1
2330,⑦岁就很帅,2,1
2331,稀罕海贼王,2,1
2332,做自己的神,2,1
2333,zz平凡人,2,1
2334,多一米,2,1
2335,六月冰雕,2,1
2336,杜小维丶,2,1
2337,五人墓碑记,2,1
2338,山东大好人,2,1
2339,哈理油,2,1
2340,爽呸呸,2,1
2341,雨天带砖不带伞,2,1
2342,神算无双测字通,2,1
2343,无声的沉默着,2,1
2344,淡蓝de风,2,1
2345,YD演绎生活,2,1
2346,神话牌,2,1
2347,抽烟的怪人,2,1
2348,龙吧收水费的,2,1
2349,无可奈何的你,2,1
2350,清风沉水,2,1
2351,农夫打枪有点悬,2,1
2352,无处不在,2,1
2353,飘扬的小花,2,1
2354,冰冰的小手手,2,1
2355,想回到过去X,2,1
2356,闲乘月兮,2,1
2357,彼岸づ天堂,2,1
2358,曾凡聪,2,1
2359,粘人的心动﹌,2,1
2360,将你的心燃烧,2,1
2361,苍白的小手,2,1
2362,老鬼神经兮兮,2,1
2363,兔兔爱猴猴,2,1
2364,夜优离,2,1
2365,霸天狂战,2,1
2366,C了个久的,2,1
2367,那以后阴雨不断,2,1
2368,神马都已浮云,2,1
2369,歩川北星,2,1
2370,萧声寥寥,2,1
2371,世人皆浑,2,1
2372,平凡爱人,2,1
2373,欧阳慕飞,2,1
2374,失忆的老猫,2,1
2375,黑夜向日葵,2,1
2376,面丶朝大海,2,1
2377,巴士漂移,2,1
2378,我有霸体哦,2,1
2379,富裕的豪哥,2,1
2380,幽默的坏人,2,1
2381,完美似一种罪,2,1
2382,肥仔,2,1
2383,那一种姿势,2,1
2384,品味白開水,2,1
2385,狼霸,2,1
2386,凯撒的凤凰,2,1
2387,乱世中的猴子,2,1
2388,放开那杯可乐,2,1
2389,不喊我爱网络,2,1
2390,我来因为你,2,1
2391,敏捷不败在此,2,1
2392,北冥雪郡主,2,1
2393,霸道晴晴,2,1
2394,龙的传人,2,1
2395,江山美美,2,1
2396,凰翎天舞,2,1
2397,喜剧小丑,2,1
2398,楚鸟三年不鸣,2,1
2399,开灰基的舒克,2,1
2400,过期蛋炒饭,2,1
2401,神马士明,2,1
2402,出口是技术,2,1
2403,水墨青鱼,2,1
2404,最无聊的大俠,2,1
2406,七海之霸,2,1
2407,被雨抛弃的风,2,1
2408,小猫咪爱吃鱼,2,1
2409,活人不懂死的好,2,1
2410,为你今生画眉,2,1
2411,寂寞的霸气帝,2,1
2412,站得高看得远,2,1
2413,一个小战士,2,1
2414,一罐臭豆腐,2,1
2415,圆脸夫人,2,1
2416,我爱强宝,2,1
2417,猎人的逆袭,2,1
2418,传说中的熊霸霸,2,1
2419,乱飞的猫,2,1
2420,船长大人万岁,2,1
2422,妞妞爱吃肉,2,1
2423,巴黎香离,2,1
2424,老蛮牛,2,1
2425,诚实好人,2,1
2426,那些年的菊花哥,2,1
2427,匿名网友,2,1
2428,戒烟不成反上瘾,2,1
2429,快乐的蜗牛哥哥,2,1
2430,超超超人君,2,1
2431,弱弱的法师,2,1
2432,奋斗的小青春,2,1
2433,杀戮毒王,2,1
2434,大火钳,2,1
2435,最爱纯情妹,2,1
2436,轮回,2,1
2437,凡语瑶心,2,1
2438,孟·先生,2,1
2439,情人,2,1
2440,劣人传说,2,1
2441,彪悍滴人生,2,1
2442,不自觉中年男人,2,1
2443,今年特别搔,2,1
2444,腦神經衰弱,2,1
2445,大晋向老魔,2,1
2446,泰哥飞来,2,1
2447,本人强悍,2,1
2448,金色炫风,2,1
2449,豆尾巴草,2,1
2450,惆怅岁月,2,1
2451,霸霸,2,1
2452,又见一帘幽梦,2,1
2453,抹杀你的骄傲,2,1
2454,无忧无虑的梦,2,1
2455,聆听幸福钟声,2,1
2456,微光迷失尘夏,2,1
2457,回忆一片陈旧,2,1
2458,我原来是伴奏,2,1
2459,追逐已逝的你,2,1
2460,一个人傻笑,2,1
2461,一条寂寞的鱼,2,1
2462,撕裂一席微凉,2,1
2463,寂寞粉碎年华,2,1
2464,轻轻牵你的手,2,1
2465,胭脂染了红楼,2,1
2466,瞳孔浮华怜伤,2,1
2467,默默回忆苦笑,2,1
2468,亦是相对无语,2,1
2469,追忆似水年华,2,1
2470,流年淡漠红颜,2,1
2471,寻找遗失的梦,2,1
2472,麻烦你带爱走,2,1
2473,浅念还记当时,2,1
2474,花開彼岸ソ,2,1
2475,有你有我有明天,2,1
2476,落落清欢,2,1
2477,心碎的边缘,2,1
2478,落花、似水流年,2,1
2479,憧憬。郁闷,2,1
2480,心痛是一种依赖,2,1
2481,键盘上的眼泪,2,1
2482,冷魅ㄨ東族,2,1
2483,终究红誓梦,2,1
2484,天使翅膀微凉,2,1
2485,小情绪、碎碎念,2,1
2486,情感的禁区,2,1
2487,忘不掉的悲伤,2,1
2488,紅顔亦芯賥ゞ,2,1
2489,想念、你一切,2,1
2490,那一袭的微凉,2,1
2491,遇后、相知,2,1
2492,善良忒坏小乖,2,1
2493,下壹刻、离去,2,1
2494,ni、咱唯一,2,1
2496,魔兽名字,2,1
2497,习惯、被迩宠,2,1
2498,没事、点阔烟,2,1
2499,乱乱的。烦人,2,1
2500,旋转、跳跃,2,1
2501,给吥起的五杀,2,1
2502,学会、跳砍,2,1
2503,梦境的誓言,2,1
2504,致命de问候,2,1
2505,莫失丶莫忘,2,1
2506,丫頭,2,1
2507,舒服,2,1
2508,zai不会轻爱,2,1
2509,浅藏、思唸,2,1
2510,手手相牵小幸福,2,1
2511,情、转身己尽,2,1
2512,承诺、等盖,2,1
2513,现意站@幸福,2,1
2514,一拳一个嘤嘤怪,2,1
2515,遗忘幸福,2,1
2516,不了然。,2,1
2517,回忆她温柔,2,1
2518,骄傲中、寂寞,2,1
2519,吥侃、回首,2,1
2520,斗战神名字,2,1
2521,你是我的丶别跑,2,1
2522,记忆の恋歌,2,1
2523,错了、而已,2,1
2524,卡布奇诺的微笑,2,1
2525,唯⒈视线っ,2,1
2526,指尖，嫣草香,2,1
2527,错误的ㄟ疼爱,2,1
2528,梦醒记忆便来了,2,1
2529,坏笑已成习惯,2,1
2530,海、的深邃,2,1
2531,今夜酷寒不裸奔,2,1
2532,放弃，我不哭,2,1
2533,所谓、无奈,2,1
2534,幸福、ni給德,2,1
2535,飘渺零星雨,2,1
2536,那份感觉是错觉,2,1
2537,小愣、慢半拍,2,1
2538,炫疯メ神龙,2,1
2539,耍赖、很优雅,2,1,1
2541,微笑爱上天使,2,1
2542,咖啡色的回忆,2,1
2543,敷衍、很肤浅,2,1
2544,膛膛正正做人,2,1
2545,川南人,2,1
2546,忧郁墨斗鱼,2,1
2547,巴莱尔里,2,1
2548,路飞是啥能吃吗,2,1
2549,慕容一霸,2,1
2550,洗手间没人,2,1
2551,光·黑暗审判者,2,1
2552,贫僧法号光头,2,1
2553,恋上孤单的感觉,2,1
2554,一末之颜一,2,1
2555,猎头人,2,1
2556,一辈子的神话,2,1
2557,阿飞再临,2,1
2558,傲天霸气,2,1
2559,燧人氏,2,1
2560,大爱陈冠吸,2,1
2561,我就是城管,2,1
2562,丶无人的心房,2,1
2563,凶残的绵花,2,1
2564,火炎焱燚,2,1
2565,无敌提问,2,1
2566,喜欢烈火,2,1
2567,记忆依稀有迩,2,1
2568,逐日岛的小猫,2,1
2569,清风徐来,2,1
2570,亡灵逝雪,2,1
2571,沙漠一片海,2,1
2572,钻石级女人,2,1
2573,郁闷的莫妮卡,2,1
2574,期待,2,1
2575,欣蕊儿,2,1
2576,嫁给我好吗,2,1
2577,凌晨萧潺,2,1
2578,戈壁滩,2,1
2579,云端的枫叶,2,1
2580,挽你的左手,2,1
2581,雨田小木木,2,1
2582,吃白菜的兔子,2,1
2583,影分身,2,1
2584,变漂亮的韩立,2,1
2585,小元宵她爹地,2,1
2586,水中水货中货,2,1
2587,诺我会好好过,2,1
2588,一梦千年,2,1
2589,传说中的霸王枪,2,1
2590,爱着你一直,2,1
2591,梦醉千年,2,1
2592,爱情徒有虚名,2,1
2593,银色之舟,2,1
2594,流浪回家的人,2,1
2595,空有梦相随,2,1
2596,庚子哥,2,1
2597,吼吼蛋炒饭,2,1
2598,魂之狂霸,2,1
2599,小哗人,2,1
2600,孤独、症,2,1
2601,超人无用,2,1
2602,亲爱的暴力羊,2,1
2603,人卟潇洒妄少年,2,1
2604,再哭的悲伤,2,1
2605,小白蘑菇飘啊飘,2,1
2606,信牛哥得永生,2,1
2607,雪落泪痕,2,1
2608,清霸,2,1
2609,复苏的潘多拉,2,1
2610,夏日般热烈,2,1
2611,一树离花压老夫,2,1
2612,卖白菜的了,2,1
2613,太行大野人,2,1
2614,郁闷的阿修罗,2,1
2615,萤火祭流年,2,1
2616,雪渐凉,2,1
2617,梦幻霸主,2,1
2618,落莫的天使,2,1
2619,紫·夜遊,2,1
2620,前传,2,1
2621,就算我是路人乙,2,1
2622,我孑然一人,2,1
2623,风靡万千,2,1
2624,大乃白兔糖,2,1
2625,夜雨醉清风,2,1
2626,凡赛尔,2,1
2627,狂放的青春,2,1
2628,偶也是定安人,2,1
2629,情陷有多坏丶,2,1
2630,贫僧来化缘,2,1
2631,春风丝雨,2,1
2632,天蓝色背心,2,1
2633,蛋疼的小人参,2,1
2634,穿个马甲不怕人,2,1
2635,心流浪爱漂泊,2,1
2636,华丽不张杨,2,1
2637,蒾怣的情人,2,1
2638,至人之上,2,1
2639,为谁盛开,2,1
2640,清风醉草,2,1
2641,小霸王,2,1
2642,我求你了,2,1
2643,清风欢欢,2,1
2644,深色小裤衩,2,1
2645,青山道人,2,1
2646,高山流水,2,1
2647,中吉龙,2,1
2648,小狼爱咬银,2,1
2649,方方的轮子,2,1
2650,守望麦田v,2,1
2651,沧海有泪雨无痕,2,1
2652,老西瓜太郎,2,1
2653,神灵狗爪流,2,1
2654,与狼丶共舞,2,1
2655,贼拉风,2,1
2656,有害健康,2,1
2657,霸气小兰,2,1
2658,你狠扯蛋,2,1
2659,简单如此,2,1
2660,无心无闲,2,1
2661,战国征天信长,2,1
2662,猙獰的微笑,2,1
2663,小猪上树,2,1
2664,女人,2,1
2665,木头—梨子,2,1
2666,无事取天下,2,1
2667,为伱丶倾尽繁华,2,1
2668,爱的华尔兹,2,1
2669,天下的老人,2,1
2670,王者の星光,2,1
2671,为爱偷人,2,1
2672,带头大哥的哥哥,2,1
2673,牵手就生小孩,2,1
2674,无情的阿飞,2,1
2675,翡翠爱人,2,1
2676,唐小僧白马,2,1
2677,黑暗骑士,2,1
2678,发飚的蜗牛,2,1
2679,卖老婆换烟抽丶,2,1
2680,领导司机,2,1
2681,孤独流浪老男人,2,1
2682,张裸老,2,1
2683,天道子,2,1
2684,我来看你兔子,2,1
2685,法海不懂味,2,1
2686,华丽的连击,2,1
2687,尾巴被踩的狼,2,1
2688,低头看烟火,2,1
2689,飞灯僧,2,1
2690,且听风吟,2,1
2691,实在人,2,1
2692,寂寞的小橙子,2,1
2693,跑吧端茶的,2,1
2694,无情岁月笑我痴,2,1
2695,月下唱情歌,2,1
2696,一泡二炮再跑,2,1
2697,北极海豚,2,1
2698,我是霸王不别姬,2,1
2699,飄逸的毛,2,1
2700,末日的前夕,2,1
2702,阿托品了,2,1
2703,神马新手卡中心,2,1
2704,冷暖人生平安福,2,1
2705,人一般还没有钱,2,1
2706,老衲法号卧草,2,1
2707,神级神炮手,2,1
2708,死吥了的鬼,2,1
2709,我是普通中国人,2,1
2710,哈迪斯费撒娇,2,1
2711,老夫压力很大,2,1
2712,大河湖畔的岁月,2,1
2713,梦部落丿神壹,2,1
2714,麦田里的火星人,2,1
2715,神话家的小嘎豆,2,1
2716,荒年末路,2,1
2717,唐僧哥哥,2,1
2718,生莲猎国阴阳冕,2,1
2719,七郎八虎,2,1
2720,横行霸道,2,1
2721,代言人,2,1
2722,江湖笑看,2,1
2723,别放钱打海涛,2,1
2724,哈无闹,2,1
2725,海欧飞处彩去归,2,1
2726,艾丽丝的纪念章,2,1
2727,遥望-伊人,2,1
2728,阿尔卑斯的鱼,2,1
2729,大哥不是玩游戏,2,1
2730,祈祷吧你,2,1
2731,肥羊羊凡凡,2,1
2732,被遗忘的人,2,1
2733,自清清人,2,1
2734,水淋淋地太阳,2,1
2735,莪是小兮,2,1
2736,小饼干,2,1
2737,烈日清风,2,1
2738,偶尔无聊一个人,2,1
2739,夜空下的路人,2,1
2740,路边一杂草,2,1
2741,泪无期,2,1
2742,猪川空汰,2,1
2743,萧寒枫林,2,1
2744,古典新男人,2,1
2745,开心男人A,2,1
2746,太阳的心,2,1
2747,炼狱草雉,2,1
2748,小贼一个啊,2,1
2749,禁止卖萌,2,1
2750,小兔的猪猪,2,1
2751,狗脸人,2,1
2752,唐尸③摆手,2,1
2753,普罗旺斯的夏天,2,1
2754,阳光下宅男,2,1
2755,完美霸道,2,1
2756,伊人焰,2,1
2757,黄小燕,2,1
2759,无敌橡皮人,2,1
2760,受剥削的工人,2,1
2761,舞斡,2,1
2762,我是凯丽的情人,2,1
2763,限量版的神,2,1
2764,画人来了,2,1
2765,狂龙霸神拽爷,2,1
2766,第一次用掌百,2,1
2767,散失之仞,2,1
2768,情为何物,2,1
2769,唐家直属散人,2,1
2770,明天继续,2,1
2771,可夫司机,2,1
2772,我是一只战斗猫,2,1
2773,毛霸,2,1
2774,俺是打香油的,2,1
2775,海军猎人,2,1
2776,花落至为花开,2,1
2777,命运不堪设计,2,1
2778,砍过柴de海豚,2,1
2779,残剑若无痕,2,1
2780,坑爹的怪大叔,2,1
2781,雪的濄客,2,1
2782,严重风化的花,2,1
2783,月光一文字,2,1
2784,紫色菲瞳,2,1
2785,清风云雨,2,1
2786,我是流浪面包树,2,1
2787,你的金巴黎,2,1
2788,谈笑度尘凡,2,1
2789,月辉无语,2,1
2790,为人要霸道,2,1
2791,主人来了,2,1
2792,美女剑士揣着肉,2,1
2793,比奇土人,2,1
2794,待煮的虾米,2,1
2795,倚窗看明月,2,1
2796,卿与长生,2,1
2797,月亮好园,2,1
2798,小猪〃宝儿,2,1
2799,天灾的幽鬼,2,1
2800,天朝掌柜,2,1
2801,若若若尛柒,2,1
2802,果断の匿了,2,1
2803,奶茶超人,2,1
2805,恋上蝴蝶结的猫,2,1
2806,心宝玛玛,2,1
2807,情深月影,2,1
2808,雨淋风铃,2,1
2809,冷暖不过人心,2,1
2810,月夜◎思雨,2,1
2811,雨薇哥,2,1
2812,米米小巨无霸,2,1
2813,角落里的狼,2,1
2814,在黑暗中落寞,2,1
2815,屠龙在手,2,1
2816,烈火无情,2,1
2817,战神,2,1
2818,法神,2,1
2819,传奇第一,2,1
2820,刺杀,2,1
2821,半月砍蜈蚣,2,1
2822,新手村杀过人,2,1
2823,红名村第一,2,1
2824,三刀你就倒,2,1
2825,秒你就一刀,2,1
2826,一个雷电你就挂,2,1
2827,地狱火焰,2,1
2828,原始战神,2,1
2829,听说下雨天,2,1
2830,大饼脸宅男,2,1
2831,花每南,2,1
2832,饿狼,2,1
2833,风尘孤狼,2,1
2834,雾风寒狼,2,1
2835,被追杀的狼,2,1
2836,流浪的狼,2,1
2837,喜大狼,2,1
2838,暗水天狼,2,1
2839,北方寒冬的狼,2,1
2840,江湖一狼,2,1
2841,善良的大灰狼,2,1
2842,大漠雪狼,2,1
2843,李小狼,2,1
2844,水中的鱼,2,1
2845,鱼尾巴,2,1
2846,蓝色双鱼,2,1
2847,爱飞的鱼,2,1
2848,溺水的鱼,2,1
2849,淹死的鱼oO,2,1
2850,流浪的鱼,2,1
2851,爱哭的鱼,2,1
2852,睡在树上的鱼,2,1
2853,海河里的鱼,2,1
2854,岸上鱼,2,1
2855,冷冰鱼,2,1
2856,深海的鱼,2,1
2857,站在岸上的鱼,2,1
2858,飞奔的鱼,2,1
2859,丢了翅膀的鱼,2,1
2860,其名为鲲。逆鳞,2,1
2861,与世隔绝的鱼,2,1
2862,夜行神鱼,2,1
2863,水瓶鲸鱼,2,1
2864,乌溜溜的黑眼猪,2,1
2865,吃饱了晒太阳的猪,2,1
2866,脑震荡的猪,2,1
2867,江湖一孤猪,2,1
2868,会爬树的猪,2,1
2869,窗台上的猫,2,1
2870,叼烟斗的猫,2,1
2871,极品肥猫,2,1
2872,游离状态的猫,2,1
2873,天堂里的猫,2,1
2874,披着狼皮的羊,2,1
2875,牵狼逛街的羊,2,1
2876,愤怒的绵羊,2,1
2877,记忆中的恐龙,2,1
2878,天蝎の蝴蝶,2,1
2879,三只草蜢赛蟑螂,2,1
2880,寂寞的蚊子,2,1
2881,草原上的蚂蚱,2,1
2882,天津上空的鹰,2,1
2883,落单的候鸟,2,1
2884,瘦死的骆驼,2,1
2885,流口水的兔子,2,1
2886,披着狼皮的兔子,2,1
2887,一只小毛驴,2,1
2888,狗尾巴草,2,1
2889,?雾岛之樱,2,1
2890,百步穿杨,2,1
2892,没有绿叶的红花,2,1
2893,带刺的玫瑰,2,1
2894,雨在下的菊子,2,1
2895,狮子座向日葵,2,1
2896,采帅哥的小蘑菇,2,1
2897,流浪的疾风,2,1
2898,爱晒太阳的风,2,1
2899,天堂的风,2,1
2900,淡淡的风,2,1
2901,雨一直下,2,1
2902,十一月的雨,2,1
2903,纳兰飘雪,2,1
2904,飘雪的季节,2,1
2905,太白有雪,2,1
2906,燃烧的冰,2,1
2907,炽热的冰雪,2,1
2908,晨曦骄阳,2,1
2909,101℃太阳,2,1
2910,漂浮的星儿,2,1
2911,今夜星光灿烂,2,1
2912,夜之流星,2,1
2913,脆弱的空气,2,1
2914,琴心剑气,2,1
2915,伤心太平洋,2,1
2916,加勒比海蓝,2,1
2917,迷路的地图,2,1
2918,没有蛀牙,2,1
2919,头发总也长不长,2,1
2920,灰色的眼睛,2,1
2921,长了毛的心肝,2,1
2922,醉卧美人膝,2,1
2923,坚实的臂膀,2,1
2924,第三只眼,2,1
2925,潮湿的心,2,1
2926,爬来爬去,2,1
2927,baby不卑鄙,2,1
2928,果布奇然,2,1
2929,蚊子也放屁,2,1
2930,比烟花还寂寞,2,1
2931,霸波奔,2,1
2932,五里雾虑喋,2,1
2933,让你难琢磨,2,1
2934,蘑菇小丸子,2,1
2935,咖啡不加糖,2,1
2936,煮不开的咖啡,2,1
2937,咖啡的幻想,2,1
2938,李子栗子梨,2,1
2939,奔跑的巧克力,2,1
2940,绝望的生鱼片,2,1
2941,躺着就行,2,1
2942,一定要记住密码,2,1
2943,多情贱客无情贱,2,1
2944,愤怒的射手,2,1
2945,我是你的宠物,2,1
2946,未见明显异常,2,1
2947,青春献给猫,2,1
2948,别信我的谎,2,1
2949,中断连接,2,1
2950,铁板鱿鱼,2,1
2951,我要炼狱,2,1
2952,西门扫雪,2,1
2953,零钱不用找了,2,1
2954,把你的鼠标拿开,2,1
2955,不打不舒服斯基,2,1
2956,动感光啵,2,1
2957,不帅任你扁,2,1
2958,多少爱可以胡来,2,1
2959,坐着不如躺着,2,1
2960,花吻蜘蛛,2,1
2961,传奇我最拽,2,1
2962,想飞不用理由,2,1
2963,迩是我的魔咒,2,1
2964,泪浸湿花瓣,2,1
2965,拉开拉链吹吹风,2,1
2966,划烈火点烟,2,1
2967,鱼在眼睛里,2,1
2968,以羁绊之名,2,1
2969,请不要背叛,2,1
2970,败家の爷们,2,1
2971,丸子没樱桃,2,1
2972,爷依然很嚣张,2,1
2973,远走高飞,2,1
2974,嘴角上扬看炎凉,2,1
2975,天干物燥,2,1
2976,小心火烛,2,1
2977,掠过指间的风,2,1
2978,森旅里迷了路,2,1
2979,竹马不会骑,2,1
2980,苹果你个爱泡泡,2,1
2981,窄巷,2,1
2982,相信你的相信,2,1
2983,正在缓冲……,2,1
2984,老痰酸菜面,2,1
2985,一朵野花压海棠,2,1
2986,琉璃般若花。,2,1
2987,旧址旧歌旧阳光,2,1
2988,无敌小战神,2,1
2989,惹我就唱小苹果,2,1
2990,该用户没有网名,2,1
2991,牛奶煮萝莉,2,1
2992,拽拽拽起来,2,1
2993,末日-前分,2,1
2994,少年你真逗,2,1
2995,幸福其实很简单,2,1
2996,回不过去的过去,2,1
2997,农村混血儿,2,1
2998,乾坤剑云,2,1
2999,剑断青丝i,2,1
3000,纯情小男人,2,1
3001,那年一路向北,2,1
3002,时光恋人,2,1
3003,眉眼如画,2,1
3004,摆摊卖回忆,2,1
3005,半懵半懂半成熟,2,1
3006,酒孤以之,2,1
3007,小—屁—孩,2,1
3008,嗜血狂魔,2,1
3010,傲骨依旧,2,1
3011,异域之巅,2,1
3012,霸王灬归来,2,1
3013,战灭九重天,2,1
3014,狂灵在世,2,1
3015,狂破武神,2,1
3016,冥界王者,2,1
3017,龙吟威震,2,1
3018,狼噬夜メ魇,2,1
3019,幻灭之吻,2,1
3020,贪狼天尊,2,1
3021,祸乱天下,2,1
3022,爷丶狠拽,2,1
3023,神一般的男人,2,1
3024,一剑封喉,2,1
3025,地狱男爵,2,1
3026,狂野杀戮,2,1
3027,一寸相思万千劫,2,1
3028,南风吹客衣,2,1
3029,全城通缉帅哥,2,1
3030,哥不是高富帅,2,1
3031,霸气回荡我为王,2,1
3032,我是壹朵花,2,1
3033,阳光依旧刺眼,2,1
3034,独自在风雨中,2,1
3035,十项全男,2,1
3036,旁观者,2,1
3037,为青春而战斗,2,1
3038,带颜色的狼,2,1
3039,薄情旳紅唇,2,1
3040,风流残雪,2,1
3041,忠于。自己,2,1
3042,倍霸气范eR,2,1
3043,举火丶焚天,2,1
3044,时间并非良药,2,1
3045,牛奶很毒,2,1
3046,龙城第一高手,2,1
3047,一刀挑全服,2,1
3048,从小就拉风,2,1
3049,刀落惊风雨,2,1
3050,壮志凌云几分酬,2,1
3051,山海皆可平,2,1
3052,半俗半雅半疯癫,2,1
3053,24k纯帅,2,1
3054,先生、克制点,2,1
3055,一符一疗程,2,1
3056,导演我死哪,2,1
3057,说好不打脸,2,1
3058,红烧小朋友,2,1
3059,英俊潇洒又能打,2,1
3060,手起刀落人抬走,2,1
3061,刀一挥骨一堆,2,1
3062,木耳炒肉最好吃,2,1
3063,菊花泡茶才好喝,2,1
3064,一直被锁定,2,1
3065,说不得,2,1
3066,大刀遇我飞随机,2,1
3067,两横一竖就是干,2,1
3068,骑着墙头等红杏,2,1
3069,常驻安全区,2,1
3070,打个烈火点支烟,2,1
3071,不毒不要钱,2,1
3072,名字正好七个字,2,1
3073,左手不忙右手忙,2,1
3074,双手不忙背靠墙,2,1
3075,在座的都是垃圾,2,1
3076,我自横刀向天笑,2,1
3077,让我先上,2,1
3078,一剑送终,2,1
3079,专业溜狗,2,1
3080,提刀挽剑花,2,1
3081,牙齿晒太阳,2,1
